id,time,responseTime
c0l2mt,1560525442.33826,1560525031.336493
